User_Name,Email,Password
Richard,richard255 @gmail.com,richard511
Stephanie,stephanie514 @gmail.com,stephanie161
Matthew,matthew586 @gmail.com,matthew609
Travis,travis873 @gmail.com,travis800
Mariah,mariah461 @gmail.com,mariah67
Stephen,stephen295 @gmail.com,stephen685
James,james270 @gmail.com,james518
Brittany,brittany441 @gmail.com,brittany119
Alexandra,alexandra73 @gmail.com,alexandra940
Elizabeth,elizabeth482 @gmail.com,elizabeth181
Jacqueline,jacqueline499 @gmail.com,jacqueline13
Jennifer,jennifer430 @gmail.com,jennifer326
Jason,jason555 @gmail.com,jason953
Melissa,melissa836 @gmail.com,melissa492
Jose,jose379 @gmail.com,jose150
Joseph,joseph579 @gmail.com,joseph265
Julia,julia544 @gmail.com,julia556
Vincent,vincent303 @gmail.com,vincent347
Donald,donald391 @gmail.com,donald27
Victor,victor563 @gmail.com,victor852
Billy,billy306 @gmail.com,billy121
Douglas,douglas25 @gmail.com,douglas821
Anthony,anthony595 @gmail.com,anthony609
Jessica,jessica917 @gmail.com,jessica953
Micheal,micheal82 @gmail.com,micheal998
Rebecca,rebecca653 @gmail.com,rebecca42
Andrew,andrew852 @gmail.com,andrew951
Christopher,christopher295 @gmail.com,christopher398
Chase,chase952 @gmail.com,chase620
Chelsea,chelsea671 @gmail.com,chelsea852
Tiffany,tiffany24 @gmail.com,tiffany178
Brian,brian145 @gmail.com,brian7
Valerie,valerie355 @gmail.com,valerie548
Cody,cody561 @gmail.com,cody190
David,david282 @gmail.com,david359
Anne,anne67 @gmail.com,anne336
Katie,katie99 @gmail.com,katie62
Laurie,laurie899 @gmail.com,laurie929
Ann,ann68 @gmail.com,ann456
Julia,julia211 @gmail.com,julia541
Donna,donna168 @gmail.com,donna857
Kevin,kevin393 @gmail.com,kevin509
Anna,anna68 @gmail.com,anna430
Steven,steven309 @gmail.com,steven440
Vincent,vincent135 @gmail.com,vincent691
Kathy,kathy78 @gmail.com,kathy274
Jennifer,jennifer980 @gmail.com,jennifer362
Kimberly,kimberly202 @gmail.com,kimberly28
Stephen,stephen133 @gmail.com,stephen449
David,david932 @gmail.com,david356
Al-Raji,alraji18825@gmail.com,alraji123456
MyAarik,hafizur212121@gmail.com,11281aarik
sdsf,sdsf,sdsfsf123456
